{
  "accuracy": 0.8744238451295708,
  "balanced_accuracy": 0.8017701916072558,
  "precision_macro": 0.839204453820211,
  "recall_macro": 0.8017701916072558,
  "f1_macro": 0.8178491777596704,
  "precision_weighted": 0.8701437740987078,
  "recall_weighted": 0.8744238451295708,
  "f1_weighted": 0.870763804160226,
  "roc_auc": 0.9302208837076961,
  "pr_auc": 0.8358587918504108,
  "brier_score": 0.08681945483523208
}