split,n,positive_rate,negative_rate
train,39050,0.2393854033290653,0.7606145966709347
test,9763,0.23937314350097305,0.760626856499027
